time,OCV,SOC,disCapacity
0.0,4.187915,1.0,2.78074
59.99799999999232,4.1864799999999995,0.9994857483979085,2.78074
120.00099999998929,4.184965,0.9985723224753122,2.78074
179.99799999999232,4.1837,0.9976588965527162,2.78074
239.9990000000107,4.18252,0.99674547063012,2.78074
299.9979999999923,4.1813400000000005,0.9958320447075237,2.78074
360.0009999999893,4.180325,0.9949186187849277,2.78074
420.0009999999893,4.178725,0.9940087890273811,2.78074
480.0,4.176705,0.9930989592698346,2.78074
539.9990000000107,4.174685,0.9921855333472385,2.78074
600.0009999999893,4.172825,0.9912757035896919,2.78074
660.0,4.170805,0.9903622776670957,2.78074
719.9990000000107,4.168950000000001,0.9894524479095491,2.78074
779.9979999999923,4.16718,0.9885390219869531,2.78074
839.9990000000107,4.16533,0.9876291922294065,2.78074
900.0,4.16364,0.9867157663068102,2.78074
959.9979999999923,4.161955,0.9858023403842142,2.78074
1019.9990000000107,4.160355,0.984888914461618,2.78074
1079.9990000000107,4.158665,0.9839790847040716,2.78074
1139.9979999999923,4.15707,0.9830656587814753,2.78074
1200.0,4.1554649999999995,0.9821522328588793,2.78074
1260.0,4.1540300000000006,0.9812388069362831,2.78074
1319.9979999999923,4.152515,0.980325381013687,2.78074
1379.9990000000107,4.151085,0.9794155512561404,2.78074
1440.0009999999893,4.149649999999999,0.9785057214985938,2.78074
1499.9990000000107,4.14822,0.9775922955759977,2.78074
1559.9979999999923,4.14687,0.9766824658184511,2.78074
1619.9990000000107,4.14552,0.9757690398958551,2.78074
1679.9990000000107,4.144254999999999,0.9748520178082092,2.78074
1740.0,4.142989999999999,0.9739421880506626,2.78074
1799.9990000000107,4.14173,0.9730323582931162,2.78074
1859.9990000000107,4.14055,0.9721225285355696,2.78074
1920.0009999999893,4.139284999999999,0.9712091026129736,2.78074
1979.9990000000107,4.13819,0.9702992728554269,2.78074
2039.9979999999923,4.13701,0.9693858469328307,2.78074
2099.9979999999923,4.13583,0.9684724210102347,2.78074
2159.9979999999923,4.134735,0.9675589950876384,2.78074
2220.0,4.133805000000001,0.9666419729999928,2.78074
2279.9979999999923,4.13271,0.9657285470773965,2.78074
2340.0,4.1317,0.9648151211548005,2.78074
2399.9979999999923,4.1306899999999995,0.9639052913972539,2.78074
2459.997000000003,4.129675000000001,0.9629918654746578,2.78074
2520.0009999999893,4.128745,0.962074843387012,2.78074
2579.9979999999923,4.12782,0.961161417464416,2.78074
2639.9990000000107,4.126895,0.9602515877068694,2.78074
2700.0,4.12605,0.9593381617842732,2.78074
2759.9990000000107,4.125125000000001,0.9584283320267266,2.78074
2820.0009999999893,4.12428,0.9575149061041305,2.78074
2879.9979999999923,4.123435,0.956605076346584,2.78074
2940.0,4.1225950000000005,0.9556952465890374,2.78074
2999.9990000000107,4.121840000000001,0.9547818206664411,2.78074
3059.9990000000107,4.121075,0.9538719909088947,2.78074
3120.0,4.120235,0.9529621611513481,2.78074
3179.9979999999923,4.11956,0.9520487352287521,2.78074
3240.0,4.118805,0.9511353093061559,2.78074
3299.9979999999923,4.11813,0.9502254795486093,2.78074
3359.9990000000107,4.117369999999999,0.9493120536260132,2.78074
3419.9979999999923,4.116615,0.948398627703417,2.78074
3479.9979999999923,4.115935,0.9474852017808209,2.78074
3539.9979999999923,4.115349999999999,0.9465681796931751,2.78074
3600.0009999999893,4.114675,0.9456619461006782,2.78074
3659.9979999999923,4.114,0.9447521163431316,2.78074
3719.9979999999923,4.11341,0.943842286585585,2.78074
3779.9979999999923,4.11282,0.942928860662989,2.78074
3839.9990000000107,4.112145,0.9420154347403927,2.78074
3900.0009999999893,4.111555,0.9411056049828461,2.78074
3959.9990000000107,4.110965,0.9401921790602501,2.78074
4019.9990000000107,4.11046,0.9392787531376539,2.78074
4079.9979999999923,4.10987,0.9383653272150578,2.78074
4140.000999999989,4.10936,0.9374519012924616,2.78074
4200.000999999989,4.108775,0.9365384753698656,2.78074
4260.000999999989,4.10835,0.935628645612319,2.78074
4319.999000000011,4.1077650000000006,0.9347188158547723,2.78074
4379.997999999992,4.107255,0.9338053899321763,2.78074
4439.999000000011,4.10675,0.9328919640095801,2.78074
4499.997999999992,4.106245,0.9319821342520336,2.78074
4559.999000000011,4.10574,0.9310687083294373,2.78074
4620.0,4.105315,0.930158878571891,2.78074
4679.997999999992,4.104815,0.9292454526492947,2.78074
4739.999000000011,4.10439,0.9283320267266985,2.78074
4799.999000000011,4.10405,0.9274221969691521,2.78074
4860.0,4.10355,0.9265087710465558,2.78074
4920.0,4.103125,0.9255989412890094,2.78074
4980.0,4.102705,0.9246855153664132,2.78074
5039.999000000011,4.102285,0.9237756856088666,2.78074
5099.999000000011,4.10186,0.9228658558513201,2.78074
5160.0,4.10144,0.921952429928724,2.78074
5220.000999999989,4.10102,0.9210426001711773,2.78074
5279.999000000011,4.100685,0.9201327704136308,2.78074
5339.999000000011,4.100175,0.9192157483259851,2.78074
5399.999000000011,4.09984,0.9183023224033889,2.78074
5459.997999999992,4.099505000000001,0.9173888964807928,2.78074
5519.999000000011,4.099164999999999,0.9164754705581967,2.78074
5579.999000000011,4.098745,0.9155620446356004,2.78074
5639.999000000011,4.098409999999999,0.914652214878054,2.78074
5699.999000000011,4.09807,0.9137387889554578,2.78074
5759.997999999992,4.09773,0.9128289591979112,2.78074
5819.999000000011,4.0974,0.9119155332753152,2.78074
5879.999000000011,4.09706,0.9110021073527189,2.78074
5939.999000000011,4.096635,0.9100922775951725,2.78074
5999.997999999992,4.096305,0.9091788516725763,2.78074
6060.0,4.095965,0.9082690219150297,2.78074
6120.000999999989,4.095625,0.9073555959924337,2.78074
6180.000999999989,4.0952850000000005,0.9064421700698374,2.78074
6239.997999999992,4.09504,0.9055323403122909,2.78074
6300.0,4.0947,0.9046189143896948,2.78074
6360.0,4.09436,0.9037054884670986,2.78074
6419.997000000003,4.094025,0.9027920625445025,2.78074
6479.999000000011,4.093775,0.9018822327869559,2.78074
6540.0,4.093435,0.9009724030294094,2.78074
6599.997000000003,4.093095,0.9000589771068132,2.78074
6659.997999999992,4.09293,0.8991455511842171,2.78074
6719.997999999992,4.092595,0.8982357214266705,2.78074
6779.997999999992,4.092255,0.8973222955040745,2.78074
6839.997999999992,4.0920000000000005,0.8964088695814783,2.78074
6899.999000000011,4.091665000000001,0.895495443658882,2.78074
6959.997999999992,4.09133,0.894582017736286,2.78074
7020.0,4.09116,0.8936721879787394,2.78074
7079.999000000011,4.09082,0.8927587620561434,2.78074
7139.997999999992,4.09057,0.8918453361335471,2.78074
7199.999000000011,4.090315,0.8909355063760006,2.78074
7259.999000000011,4.089980000000001,0.890025676618454,2.78074
7319.999000000011,4.089639999999999,0.8891086545308082,2.78074
7380.0,4.089475,0.8881952286082121,2.78074
7439.999000000011,4.089135000000001,0.8872853988506656,2.78074
7499.997000000003,4.0888,0.8863719729280695,2.78074
7560.0,4.08863,0.8854621431705229,2.78074
7619.997000000003,4.0882950000000005,0.8845487172479268,2.78074
7679.997999999992,4.0880399999999995,0.8836388874903802,2.78074
7740.000999999989,4.087705,0.882725461567784,2.78074
7799.997999999992,4.0874500000000005,0.881812035645188,2.78074
7859.999000000011,4.087195,0.8809022058876413,2.78074
7919.997999999992,4.08686,0.8799887799650453,2.78074
7979.997000000003,4.08661,0.8790789502074987,2.78074
8039.997999999992,4.086355,0.8781655242849025,2.78074
8100.0,4.0861,0.8772520983623064,2.78074
8160.0,4.085765,0.8763422686047598,2.78074
8220.0,4.085430000000001,0.8754288426821637,2.78074
8280.00099999999,4.085175,0.8745190129246171,2.78074
8339.997999999992,4.084835,0.873605587002021,2.78074
8400.0,4.08459,0.8726921610794248,2.78074
8460.0,4.08425,0.8717787351568287,2.78074
8519.997999999992,4.083995,0.8708689053992822,2.78074
8579.99900000001,4.083655,0.8699554794766859,2.78074
8639.99900000001,4.083405,0.8690456497191393,2.78074
8699.99900000001,4.08307,0.8681322237965433,2.78074
8760.0,4.082815,0.8672223940389967,2.78074
8819.997999999992,4.08248,0.8663089681164007,2.78074
8880.0,4.08214,0.8653991383588541,2.78074
8940.0,4.081805,0.8644857124362579,2.78074
8999.997999999992,4.081555,0.8635758826787113,2.78074
9059.997999999992,4.08113,0.8626624567561152,2.78074
9119.997999999992,4.08079,0.8617490308335191,2.78074
9179.99900000001,4.080455,0.8608427972410221,2.78074
9239.997999999992,4.08012,0.859929371318426,2.78074
9300.0,4.0797799999999995,0.8590159453958298,2.78074
9359.99900000001,4.07936,0.8581061156382832,2.78074
9420.0,4.07902,0.8571926897156872,2.78074
9479.997999999992,4.07869,0.8562792637930909,2.78074
9539.997000000003,4.078265,0.8553658378704949,2.78074
9599.997000000003,4.07793,0.8544524119478987,2.78074
9660.0,4.077505,0.8535425821903521,2.78074
9719.99900000001,4.077085,0.8526327524328057,2.78074
9780.0,4.07658,0.8517193265102094,2.78074
9839.99900000001,4.07624,0.8508094967526629,2.78074
9899.997000000003,4.07582,0.8498960708300668,2.78074
9960.002000000008,4.075315,0.8489826449074706,2.78074
10019.997999999992,4.074895,0.8480692189848745,2.78074
10079.997999999992,4.074385,0.8471593892273279,2.78074
10139.997999999992,4.073964999999999,0.8462459633047318,2.78074
10199.99900000001,4.07346,0.8453325373821355,2.78074
10259.997999999992,4.072955,0.8444227076245892,2.78074
10319.99900000001,4.07245,0.8435092817019929,2.78074
10379.997999999992,4.07203,0.8425958557793967,2.78074
10440.0,4.07144,0.8416860260218503,2.78074
10499.997999999992,4.070930000000001,0.840772600099254,2.78074
10559.997999999992,4.070345,0.839859174176658,2.78074
10620.00099999999,4.06975,0.8389493444191114,2.78074
10680.0,4.0692450000000004,0.8380359184965154,2.78074
10740.0,4.068745,0.8371224925739191,2.78074
10799.997999999992,4.06815,0.8362126628163725,2.78074
10859.99900000001,4.067475,0.8352992368937765,2.78074
10919.997000000003,4.0669699999999995,0.8343894071362299,2.78074
10979.99900000001,4.0663800000000005,0.8334759812136338,2.78074
11039.997999999992,4.06571,0.8325625552910376,2.78074
11099.99900000001,4.0652,0.831652725533491,2.78074
11159.99900000001,4.064525,0.8307392996108949,2.78074
11220.00099999999,4.06377,0.8298258736882986,2.78074
11279.99900000001,4.06326,0.8289124477657026,2.78074
11340.0,4.06259,0.8279990218431064,2.78074
11400.0,4.0618300000000005,0.82708919208556,2.78074
11459.99900000001,4.06124,0.8261757661629637,2.78074
11519.997999999992,4.060565,0.8252623402403677,2.78074
11579.997999999992,4.059889999999999,0.8243489143177715,2.78074
11639.99900000001,4.0591349999999995,0.8234390845602249,2.78074
11700.0,4.058455,0.8225292548026785,2.78074
11760.00099999999,4.0577000000000005,0.8216158288800822,2.78074
11819.997999999992,4.057024999999999,0.8207059991225356,2.78074
11879.997999999992,4.056265,0.8197925731999396,2.78074
11939.99900000001,4.0555900000000005,0.8188791472773433,2.78074
12000.0,4.054835000000001,0.8179693175197968,2.78074
12060.0,4.05408,0.8170558915972007,2.78074
12119.99900000001,4.0534,0.8161460618396541,2.78074
12179.997999999992,4.052645,0.815232635917058,2.78074
12240.0,4.0518,0.8143192099944617,2.78074
12299.997999999992,4.051045,0.8134093802369153,2.78074
12359.99900000001,4.050280000000001,0.8124959543143191,2.78074
12419.99900000001,4.049525,0.8115861245567727,2.78074
12480.0,4.04868,0.8106726986341765,2.78074
12539.997999999992,4.047925,0.8097628688766298,2.78074
12599.997999999992,4.047165,0.8088494429540338,2.78074
12660.0,4.04632,0.8079396131964872,2.78074
12719.997999999992,4.045565,0.8070261872738911,2.78074
12780.002000000008,4.04472,0.8061163575163445,2.78074
12839.997999999992,4.04388,0.8052029315937483,2.78074
12899.99900000001,4.043035,0.8042895056711522,2.78074
12959.99900000001,4.042275,0.8033796759136056,2.78074
13020.0,4.04152,0.8024662499910096,2.78074
13080.002999999997,4.040675,0.801556420233463,2.78074
13139.997000000003,4.03975,0.8006429943108667,2.78074
13199.997999999992,4.03899,0.7997331645533203,2.78074
13259.997999999992,4.03806,0.7988233347957737,2.78074
13320.0,4.037305,0.7979099088731777,2.78074
13379.99900000001,4.03638,0.7969964829505815,2.78074
13439.99900000001,4.035615,0.7960830570279852,2.78074
13499.997000000003,4.034689999999999,0.7951732272704388,2.78074
13560.0,4.033849999999999,0.7942633975128922,2.78074
13619.99900000001,4.033005,0.7933499715902961,2.78074
13679.99900000001,4.0320800000000006,0.7924401418327495,2.78074
13740.0,4.03124,0.7915231197451038,2.78074
13799.997000000003,4.03031,0.7906132899875572,2.78074
13859.99900000001,4.02955,0.7896998640649611,2.78074
13919.997999999992,4.028625,0.7887864381423649,2.78074
13980.0,4.027695,0.7878766083848183,2.78074
14040.0,4.026854999999999,0.7869631824622223,2.78074
14099.99900000001,4.02593,0.7860533527046757,2.78074
14159.997000000003,4.02508,0.7851399267820794,2.78074
14219.997999999992,4.02424,0.7842300970245331,2.78074
14280.00099999999,4.023315,0.7833238634320361,2.78074
14340.0,4.022385,0.7824104375094398,2.78074
14400.00099999999,4.02146,0.7814970115868437,2.78074
14460.0,4.02045,0.7805871818292972,2.78074
14519.997000000003,4.01977,0.7796737559067011,2.78074
14580.0,4.018845,0.7787639261491545,2.78074
14639.997999999992,4.01792,0.7778505002265582,2.78074
14700.0,4.01708,0.7769406704690118,2.78074
14759.99900000001,4.01615,0.7760272445464156,2.78074
14819.99900000001,4.015305,0.7751174147888692,2.78074
14879.997000000003,4.01438,0.774203988866273,2.78074
14939.99900000001,4.01345,0.7732941591087263,2.78074
14999.997999999992,4.012525,0.7723807331861303,2.78074
15059.99900000001,4.011685,0.7714709034285837,2.78074
15119.997999999992,4.01076,0.7705574775059876,2.78074
15180.0,4.009825,0.7696440515833914,2.78074
15240.0,4.008900000000001,0.7687342218258448,2.78074
15300.00099999999,4.007975,0.7678207959032487,2.78074
15359.99900000001,4.00713,0.7669073699806526,2.78074
15420.0,4.00629,0.7659975402231061,2.78074
15479.99900000001,4.00536,0.7650841143005098,2.78074
15539.99900000001,4.004519999999999,0.7641742845429632,2.78074
15599.997999999992,4.00351,0.7632608586203672,2.78074
15660.0,4.00258,0.7623474326977709,2.78074
15719.99900000001,4.00174,0.7614340067751749,2.78074
15780.0,4.00081,0.7605241770176283,2.78074
15839.99900000001,3.99988,0.7596107510950323,2.78074
15900.00099999999,3.99904,0.758697325172436,2.78074
15959.997000000003,3.99803,0.7577874954148894,2.78074
16019.997999999992,3.9971900000000002,0.7568740694922934,2.78074
16079.99900000001,3.9962549999999997,0.7559606435696972,2.78074
16139.997000000003,3.9954150000000004,0.7550508138121507,2.78074
16200.00099999999,3.99449,0.7541373878895545,2.78074
16260.0,3.9936499999999997,0.7532239619669584,2.78074
16319.997999999992,3.9927200000000003,0.7523141322094118,2.78074
16379.997999999992,3.9918750000000003,0.7514007062868157,2.78074
16439.99900000001,3.9909499999999998,0.7504908765292692,2.78074
16499.99900000001,3.990025,0.7495774506066729,2.78074
16560.0,3.98918,0.7486676208491265,2.78074
16619.997999999992,3.9882549999999997,0.7477541949265303,2.78074
16679.99900000001,3.9874099999999997,0.746840769003934,2.78074
16739.997999999992,3.9865649999999997,0.7459309392463876,2.78074
16800.0,3.98564,0.7450175133237914,2.78074
16859.997999999992,3.984715,0.744107683566245,2.78074
16919.99900000001,3.9838699999999996,0.7431942576436488,2.78074
16980.0,3.9830249999999996,0.7422844278861022,2.78074
17039.997000000003,3.982185,0.741371001963506,2.78074
17099.997999999992,3.9812600000000002,0.7404611722059595,2.78074
17160.00099999999,3.980415,0.7395477462833634,2.78074
17219.997999999992,3.9794850000000004,0.7386379165258168,2.78074
17279.99900000001,3.978645,0.7377244906032207,2.78074
17340.0,3.977805,0.7368110646806245,2.78074
17399.99900000001,3.9769550000000002,0.7359012349230779,2.78074
17459.997999999992,3.97603,0.7349842128354322,2.78074
17520.0,3.975275,0.7340743830778856,2.78074
17579.997999999992,3.9743500000000003,0.7331645533203393,2.78074
17639.997999999992,3.9735,0.7322547235627926,2.78074
17699.99900000001,3.9726600000000003,0.7313412976401964,2.78074
17760.0,3.97182,0.7304314678826499,2.78074
17820.00099999999,3.970975,0.7295216381251033,2.78074
17880.0,3.97013,0.7286046160374576,2.78074
17940.0,3.96929,0.727694786279911,2.78074
17999.997000000003,3.96845,0.7267849565223644,2.78074
18059.997999999992,3.967605,0.7258679344347188,2.78074
18119.99900000001,3.96676,0.7249581046771721,2.78074
18180.0,3.9659199999999997,0.7240446787545761,2.78074
18239.99900000001,3.965075,0.7231348489970295,2.78074
18299.997999999992,3.9644,0.7222214230744333,2.78074
18360.00099999999,3.96356,0.7213115933168869,2.78074
18419.997999999992,3.962715,0.7203981673942906,2.78074
18479.99900000001,3.9618700000000002,0.7194883376367442,2.78074
18540.00099999999,3.96103,0.718574911714148,2.78074
18599.997999999992,3.96027,0.7176650819566015,2.78074
18659.997999999992,3.9594300000000002,0.7167516560340054,2.78074
18720.0,3.9586699999999997,0.7158418262764588,2.78074
18779.997999999992,3.95783,0.7149284003538626,2.78074
18840.0,3.956985,0.7140149744312664,2.78074
18899.99900000001,3.956225,0.7131015485086702,2.78074
18959.997999999992,3.95547,0.7121917187511237,2.78074
19019.99900000001,3.954625,0.7112818889935771,2.78074
19080.0,3.9538650000000004,0.710368463070981,2.78074
19140.0,3.9530250000000002,0.7094586333134345,2.78074
19199.997000000003,3.95235,0.7085452073908384,2.78074
19259.997999999992,3.951505,0.7076317814682422,2.78074
19320.0,3.95075,0.7067219517106956,2.78074
19380.0,3.94999,0.7058121219531491,2.78074
19440.0,3.9491449999999997,0.704898696030553,2.78074
19499.997000000003,3.948475,0.7039852701079569,2.78074
19559.997999999992,3.94763,0.7030754403504103,2.78074
19619.99900000001,3.946955,0.7021620144278141,2.78074
19679.997999999992,3.946115,0.7012521846702675,2.78074
19740.0,3.945355,0.7003387587476714,2.78074
19800.00099999999,3.9445949999999996,0.6994289289901249,2.78074
19859.99900000001,3.943835,0.6985155030675287,2.78074
19919.99900000001,3.9430750000000003,0.6976020771449326,2.78074
19979.99900000001,3.942235,0.696692247387386,2.78074
20039.997999999992,3.94156,0.6957788214647899,2.78074
20100.0,3.9408000000000003,0.6948689917072434,2.78074
20159.997999999992,3.9400449999999996,0.6939555657846472,2.78074
20219.99900000001,3.9393700000000003,0.6930457360271006,2.78074
20279.997999999992,3.9386099999999997,0.6921323101045045,2.78074
20340.0,3.937855,0.691222480346958,2.78074
20399.99900000001,3.93709,0.6903090544243619,2.78074
20459.997000000003,3.9363349999999997,0.6893992246668152,2.78074
20519.99900000001,3.93558,0.6884857987442191,2.78074
20579.99900000001,3.9349,0.687572372821623,2.78074
20640.0,3.9340599999999997,0.6866589468990267,2.78074
20700.00099999999,3.93339,0.6857491171414802,2.78074
20760.00099999999,3.932625,0.6848356912188841,2.78074
20819.99900000001,3.931955,0.683922265296288,2.78074
20879.997999999992,3.931275,0.6830124355387415,2.78074
20940.0,3.930435,0.6820990096161453,2.78074
20999.99900000001,3.929765,0.6811891798585987,2.78074
21060.00099999999,3.9290000000000003,0.6802757539360026,2.78074
21119.997999999992,3.92833,0.6793623280134065,2.78074
21179.997999999992,3.9275700000000002,0.67845249825586,2.78074
21239.99900000001,3.926895,0.6775426684983133,2.78074
21299.997999999992,3.92614,0.6766292425757172,2.78074
21359.997999999992,3.92538,0.6757158166531211,2.78074
21419.997999999992,3.92462,0.6748059868955745,2.78074
21479.997999999992,3.923945,0.6738925609729783,2.78074
21539.99900000001,3.92319,0.6729827312154318,2.78074
21599.997999999992,3.922515,0.6720729014578852,2.78074
21660.0,3.921755,0.6711594755352891,2.78074
21719.997999999992,3.92108,0.6702496457777426,2.78074
21780.0,3.92032,0.6693362198551465,2.78074
21840.00099999999,3.91965,0.6684227939325503,2.78074
21899.99900000001,3.91889,0.6675093680099542,2.78074
21960.0,3.9181299999999997,0.6665995382524076,2.78074
22020.00099999999,3.91746,0.6656861123298115,2.78074
22079.99900000001,3.9167,0.6647726864072153,2.78074
22140.0,3.9160250000000003,0.6638628566496687,2.78074
22199.99900000001,3.9152649999999998,0.6629494307270726,2.78074
22260.00099999999,3.914595,0.6620396009695261,2.78074
22319.996000000014,3.91383,0.6611297712119795,2.78074
22380.00099999999,3.913075,0.660219941454433,2.78074
22439.99900000001,3.912315,0.6593065155318368,2.78074
22500.0,3.9116400000000002,0.6583966857742902,2.78074
22560.00099999999,3.910965,0.6574796636866445,2.78074
22619.99900000001,3.91021,0.6565662377640483,2.78074
22679.997999999992,3.90945,0.6556564080065018,2.78074
22739.997999999992,3.90869,0.6547429820839057,2.78074
22800.0,3.907935,0.6538331523263592,2.78074
22859.997000000003,3.907175,0.6529233225688126,2.78074
22919.997999999992,3.906415,0.6520098966462164,2.78074
22980.0,3.9056550000000003,0.6510964707236203,2.78074
23040.0,3.904985,0.6501830448010242,2.78074
23099.99900000001,3.90414,0.649269618878428,2.78074
23160.0,3.903385,0.6483597891208814,2.78074
23219.99900000001,3.9026199999999998,0.6474463631982853,2.78074
23279.99900000001,3.9019500000000003,0.6465329372756892,2.78074
23340.0,3.9011050000000003,0.6456231075181426,2.78074
23400.00099999999,3.900265,0.6447132777605961,2.78074
23459.99900000001,3.899585,0.6437998518379999,2.78074
23519.997999999992,3.898745,0.6428900220804533,2.78074
23579.99900000001,3.89799,0.6419765961578572,2.78074
23640.00099999999,3.89723,0.6410667664003107,2.78074
23700.00099999999,3.8963900000000002,0.6401533404777145,2.78074
23759.997999999992,3.8955450000000003,0.639243510720168,2.78074
23820.0,3.894785,0.6383300847975718,2.78074
23879.997999999992,3.89394,0.6374202550400253,2.78074
23939.99900000001,3.893185,0.6365068291174291,2.78074
23999.997999999992,3.89234,0.6355934031948329,2.78074
24060.00099999999,3.891585,0.6346835734372864,2.78074
24119.997999999992,3.89074,0.6337701475146903,2.78074
24179.99900000001,3.8899850000000002,0.6328603177571437,2.78074
24240.0,3.889055,0.6319468918345476,2.78074
24300.0,3.8882149999999998,0.631037062077001,2.78074
24360.00099999999,3.887365,0.6301236361544049,2.78074
24419.997000000003,3.886525,0.6292102102318088,2.78074
24479.997999999992,3.885595,0.6282967843092127,2.78074
24539.997000000003,3.88484,0.627386954551666,2.78074
24599.99900000001,3.88391,0.6264735286290699,2.78074
24660.00099999999,3.882985,0.6255636988715234,2.78074
24720.00099999999,3.8821399999999997,0.6246502729489273,2.78074
24779.99900000001,3.8813,0.6237404431913807,2.78074
24839.99900000001,3.880455,0.6228306134338341,2.78074
24900.0,3.87953,0.6219171875112379,2.78074
24959.997999999992,3.878685,0.6210037615886418,2.78074
25020.0,3.8777600000000003,0.6200939318310953,2.78074
25080.0,3.876835,0.6191805059084992,2.78074
25140.0,3.87599,0.6182706761509525,2.78074
25200.00099999999,3.875065,0.6173572502283564,2.78074
25260.00099999999,3.874135,0.6164474204708099,2.78074
25320.00099999999,3.8732949999999997,0.6155339945482138,2.78074
25380.0,3.872365,0.6146241647906672,2.78074
25440.004000000015,3.871525,0.6137143350331207,2.78074
25499.997000000003,3.870595,0.6127973129454749,2.78074
25559.997000000003,3.86967,0.6118874831879284,2.78074
25619.99900000001,3.868825,0.6109740572653322,2.78074
25679.997999999992,3.8678999999999997,0.610060631342736,2.78074
25739.997999999992,3.86714,0.6091508015851894,2.78074
25799.99900000001,3.8662150000000004,0.6082409718276429,2.78074
25859.997999999992,3.865285,0.6073275459050468,2.78074
25920.002999999997,3.8645300000000002,0.6064177161475003,2.78074
25979.99900000001,3.8636,0.6055042902249042,2.78074
26039.997000000003,3.8626750000000003,0.604590864302308,2.78074
26100.0,3.8619149999999998,0.6036810345447614,2.78074
26159.997999999992,3.86099,0.6027676086221653,2.78074
26219.997999999992,3.860145,0.6018577788646188,2.78074
26279.997999999992,3.8593900000000003,0.6009443529420226,2.78074
26339.997999999992,3.85863,0.600034523184476,2.78074
26400.002000000008,3.857705,0.5991210972618799,2.78074
26459.99900000001,3.856855,0.5982112675043333,2.78074
26519.99900000001,3.856015,0.5972978415817372,2.78074
26579.997999999992,3.855255,0.5963880118241907,2.78074
26639.99900000001,3.854415,0.5954745859015945,2.78074
26699.99900000001,3.853575,0.5945647561440479,2.78074
26759.997999999992,3.852815,0.5936549263865014,2.78074
26820.0,3.852055,0.5927486927940044,2.78074
26879.997999999992,3.85121,0.5918388630364579,2.78074
26940.0,3.85037,0.5909254371138618,2.78074
27000.0,3.8496949999999996,0.5900120111912656,2.78074
27059.997000000003,3.848855,0.5891021814337191,2.78074
27120.00099999999,3.84809,0.5881887555111228,2.78074
27179.99900000001,3.84725,0.5872753295885267,2.78074
27240.0,3.8465749999999996,0.5863619036659306,2.78074
27300.00099999999,3.845735,0.585452073908384,2.78074
27360.00099999999,3.8449799999999996,0.5845386479857879,2.78074
27419.997999999992,3.844215,0.5836288182282413,2.78074
27480.0,3.843375,0.5827153923056452,2.78074
27539.997000000003,3.8427,0.5818055625480987,2.78074
27600.0,3.841945,0.5808921366255025,2.78074
27659.99900000001,3.84118,0.579982306867956,2.78074
27719.997999999992,3.840425,0.5790688809453598,2.78074
27779.997999999992,3.839665,0.5781590511878133,2.78074
27839.99900000001,3.838825,0.5772456252652172,2.78074
27900.0,3.838065,0.576332199342621,2.78074
27960.0,3.8373049999999997,0.5754187734200249,2.78074
28020.0,3.83655,0.5745053474974287,2.78074
28080.0,3.835875,0.5735955177398822,2.78074
28140.002999999997,3.835115,0.5726820918172859,2.78074
28199.99900000001,3.8343550000000004,0.5717686658946898,2.78074
28259.997000000003,3.8335150000000002,0.5708588361371433,2.78074
28319.99900000001,3.832755,0.5699454102145471,2.78074
28379.997000000003,3.831995,0.5690355804570006,2.78074
28440.00099999999,3.83124,0.5681221545344045,2.78074
28499.99900000001,3.8304799999999997,0.5672123247768579,2.78074
28560.0,3.829635,0.5663024950193114,2.78074
28619.997999999992,3.828875,0.5653890690967153,2.78074
28679.99900000001,3.82812,0.5644756431741191,2.78074
28739.99900000001,3.8273650000000004,0.563562217251523,2.78074
28800.0,3.8266,0.5626451951638772,2.78074
28859.997999999992,3.825845,0.5617353654063307,2.78074
28920.002000000008,3.825,0.5608219394837345,2.78074
28979.997000000003,3.8242450000000003,0.5599085135611384,2.78074
29039.997999999992,3.823485,0.5589986838035917,2.78074
29099.99900000001,3.822725,0.5580888540460452,2.78074
29160.0,3.821885,0.5571718319583995,2.78074
29220.0,3.8211199999999996,0.5562584060358033,2.78074
29280.00099999999,3.8202800000000003,0.5553449801132072,2.78074
29340.002000000008,3.819525,0.5544315541906111,2.78074
29400.0,3.81868,0.5535217244330645,2.78074
29460.00099999999,3.81792,0.5526082985104683,2.78074
29519.99900000001,3.81708,0.5516948725878722,2.78074
29579.99900000001,3.816235,0.5507814466652761,2.78074
29639.997999999992,3.815475,0.5498680207426799,2.78074
29700.0,3.814635,0.5489545948200838,2.78074
29760.0,3.81379,0.5480447650625373,2.78074
29820.00099999999,3.813035,0.5471313391399412,2.78074
29880.0,3.81219,0.546217913217345,2.78074
29939.997999999992,3.811345,0.5453080834597984,2.78074
29999.99900000001,3.810505,0.5443946575372023,2.78074
30060.0,3.8097450000000004,0.5434848277796558,2.78074
30120.0,3.8089,0.54256780569201,2.78074
30179.997999999992,3.8080600000000002,0.5416579759344634,2.78074
30239.997999999992,3.80722,0.5407445500118673,2.78074
30300.0,3.806375,0.5398311240892711,2.78074
30360.0,3.80553,0.5389212943317245,2.78074
30420.0,3.804605,0.5380078684091284,2.78074
30480.005000000005,3.803765,0.5370980386515819,2.78074
30540.00099999999,3.8029200000000003,0.5361882088940354,2.78074
30599.997000000003,3.801995,0.5352783791364888,2.78074
30659.997999999992,3.80115,0.5343649532138927,2.78074
30720.00099999999,3.80022,0.5334551234563462,2.78074
30780.0,3.799295,0.53254169753375,2.78074
30839.99900000001,3.7983700000000002,0.5316318677762034,2.78074
30899.997999999992,3.79736,0.5307220380186569,2.78074
30960.0,3.79643,0.5298122082611103,2.78074
31019.997999999992,3.79542,0.5288951861734645,2.78074
31080.002000000008,3.7943249999999997,0.527985356415918,2.78074
31140.00099999999,3.79331,0.5270755266583714,2.78074
31199.997999999992,3.7923,0.5261656969008249,2.78074
31259.997999999992,3.7911200000000003,0.5252522709782288,2.78074
31320.0,3.7901949999999998,0.5243424412206822,2.78074
31380.0,3.78901,0.5234362076281853,2.78074
31440.00099999999,3.787915,0.5225227817055892,2.78074
31499.997000000003,3.7868199999999996,0.5216129519480426,2.78074
31560.0,3.78573,0.520703122190496,2.78074
31620.0,3.7847150000000003,0.5197932924329495,2.78074
31680.0,3.783535,0.5188798665103533,2.78074
31739.997000000003,3.7824400000000002,0.5179664405877572,2.78074
31799.99900000001,3.781345,0.517053014665161,2.78074
31859.997999999992,3.78033,0.5161431849076145,2.78074
31920.0,3.779235,0.5152297589850183,2.78074
31979.997999999992,3.77814,0.5143199292274718,2.78074
32039.99900000001,3.777125,0.5134065033048757,2.78074
32100.0,3.77612,0.5124966735473291,2.78074
32160.00099999999,3.775195,0.511583247624733,2.78074
32219.997000000003,3.7741800000000003,0.5106734178671865,2.78074
32280.0,3.773085,0.5097599919445903,2.78074
32339.997999999992,3.772075,0.5088501621870437,2.78074
32399.99900000001,3.7711449999999997,0.5079367362644476,2.78074
32459.99900000001,3.77013,0.5070233103418514,2.78074
32520.00099999999,3.7692050000000004,0.5061134805843048,2.78074
32579.99900000001,3.768195,0.5052036508267583,2.78074
32639.99900000001,3.76727,0.5042902249041622,2.78074
32700.0,3.76634,0.503376798981566,2.78074
32760.0,3.765415,0.5024633730589698,2.78074
32820.0,3.764575,0.5015535433014233,2.78074
32879.99900000001,3.763725,0.5006401173788272,2.78074
32939.99799999999,3.7628,0.49972669145623105,2.78074
33000.0,3.761875,0.4988168616986845,2.78074
33059.99900000001,3.7609500000000002,0.49790343577608837,2.78074
33119.99900000001,3.7601050000000003,0.49699360601854176,2.78074
33180.0,3.7591799999999997,0.49608377626099526,2.78074
33240.00099999999,3.7583349999999998,0.49517394650344865,2.78074
33299.99900000001,3.7574050000000003,0.4942605205808525,2.78074
33360.0,3.75648,0.4933470946582564,2.78074
33419.99900000001,3.755725,0.4924372649007098,2.78074
33480.00099999999,3.754875,0.4915238389781137,2.78074
33539.99900000001,3.7539499999999997,0.4906140092205672,2.78074
33599.99799999999,3.75311,0.48970058329797106,2.78074
33659.997,3.75227,0.4887871573753748,2.78074
33720.0,3.751505,0.4878773276178283,2.78074
33779.99900000001,3.7505800000000002,0.48696749786028176,2.78074
33839.99900000001,3.74974,0.48605047577263605,2.78074
33900.00099999999,3.748895,0.4851406460150895,2.78074
33959.997,3.74805,0.4842308162575429,2.78074
34020.00099999999,3.747295,0.48331739033494675,2.78074
34079.99799999999,3.746365,0.4824039644123506,2.78074
34139.99799999999,3.7455249999999998,0.4814941346548041,2.78074
34200.0,3.744685,0.48057711256715835,2.78074
34259.99900000001,3.74392,0.4796636866445622,2.78074
34319.99799999999,3.74308,0.47875745305206524,2.78074
34379.99900000001,3.74224,0.47784402712946905,2.78074
34439.99900000001,3.7414750000000003,0.47693419737192255,2.78074
34500.0,3.740635,0.4760207714493264,2.78074
34559.99799999999,3.739795,0.47511453785682944,2.78074
34619.99799999999,3.739035,0.4742011119342333,2.78074
34680.0,3.7381900000000003,0.4732876860116371,2.78074
34739.99799999999,3.737435,0.4723778562540906,2.78074
34799.997,3.7365899999999996,0.4714644303314945,2.78074
34859.99900000001,3.735745,0.4705546005739479,2.78074
34920.0,3.73499,0.46964117465135174,2.78074
34980.0,3.734145,0.46873134489380525,2.78074
35040.00099999999,3.73347,0.46781791897120906,2.78074
35099.99900000001,3.73263,0.4669080892136625,2.78074
35160.00099999999,3.73187,0.4659946632910663,2.78074
35220.0,3.73103,0.4650812373684702,2.78074
35279.99799999999,3.7301849999999996,0.4641714076109237,2.78074
35340.0,3.729425,0.46325798168832755,2.78074
35399.99799999999,3.72867,0.462348151930781,2.78074
35460.003,3.727825,0.46143472600818486,2.78074
35520.00099999999,3.72715,0.46051770392053915,2.78074
35580.00099999999,3.72631,0.4596006818328934,2.78074
35640.00099999999,3.7255450000000003,0.45868725591029724,2.78074
35699.99900000001,3.72479,0.4577702338226515,2.78074
35759.99799999999,3.72395,0.456860404065105,2.78074
35819.99900000001,3.72327,0.4559469781425088,2.78074
35879.997,3.72243,0.45503714838496223,2.78074
35940.0,3.7216750000000003,0.4541237224623661,2.78074
35999.99900000001,3.720915,0.4532174888698692,2.78074
36060.0,3.720155,0.45230765911232257,2.78074
36119.99900000001,3.71948,0.45139423318972643,2.78074
36179.99799999999,3.7186399999999997,0.4504844034321799,2.78074
36239.99799999999,3.71788,0.44957097750958375,2.78074
36299.99799999999,3.717205,0.44866114775203725,2.78074
36359.99799999999,3.71645,0.447747721829441,2.78074
36420.0,3.715605,0.4468378920718945,2.78074
36480.00099999999,3.714845,0.44592446614929837,2.78074
36539.99900000001,3.714175,0.44501104022670224,2.78074
36600.0,3.71341,0.4441012104691557,2.78074
36659.99900000001,3.712655,0.44318778454655955,2.78074
36719.997,3.71198,0.4422743586239634,2.78074
36780.00099999999,3.71122,0.44136093270136717,2.78074
36839.99799999999,3.71055,0.44045110294382067,2.78074
36899.99799999999,3.70979,0.4395412731862741,2.78074
36959.997,3.7090300000000003,0.438627847263678,2.78074
37019.99799999999,3.708355,0.43771801750613143,2.78074
37079.99799999999,3.7076000000000002,0.43680459158353524,2.78074
37139.99900000001,3.706835,0.4358911656609391,2.78074
37200.0,3.706165,0.4349813359033926,2.78074
37259.99799999999,3.7054099999999996,0.434071506145846,2.78074
37320.00099999999,3.7047299999999996,0.43315808022324986,2.78074
37380.0,3.703975,0.4322482504657033,2.78074
37440.00099999999,3.7033,0.4313348245431072,2.78074
37500.00099999999,3.70254,0.43042139862051104,2.78074
37559.99799999999,3.70187,0.42951156886296454,2.78074
37620.00099999999,3.70111,0.4285981429403684,2.78074
37680.00099999999,3.7004349999999997,0.4276883131828218,2.78074
37739.997,3.69976,0.42677488726022567,2.78074
37799.99799999999,3.699085,0.4258650575026791,2.78074
37859.99900000001,3.6983249999999996,0.424951631580083,2.78074
37919.99900000001,3.697655,0.42403820565748684,2.78074
37979.99900000001,3.69689,0.42313197206498987,2.78074
38040.00099999999,3.696305,0.4222221423074433,2.78074
38100.0,3.69563,0.42131231254989676,2.78074
38159.99900000001,3.69487,0.42039888662730057,2.78074
38220.0,3.6942,0.4194890568697541,2.78074
38280.00099999999,3.693605,0.41857563094715794,2.78074
38340.00200000001,3.69285,0.41766939735466097,2.78074
38400.0,3.6921749999999998,0.4167523752670152,2.78074
38460.0,3.691585,0.41583894934441906,2.78074
38520.0,3.6908250000000002,0.41492552342182293,2.78074
38579.997,3.690155,0.4140120974992268,2.78074
38640.00099999999,3.68956,0.41310226774168024,2.78074
38699.99900000001,3.68889,0.4121888418190841,2.78074
38759.99900000001,3.6881250000000003,0.411275415896488,2.78074
38820.0,3.6875400000000003,0.41036558613894136,2.78074
38880.003,3.686865,0.40945935254644444,2.78074
38939.99900000001,3.686275,0.4085459266238483,2.78074
38999.99799999999,3.6855149999999997,0.4076325007012522,2.78074
39060.00099999999,3.68484,0.40671907477865604,2.78074
39120.00099999999,3.68425,0.40580924502110943,2.78074
39179.99900000001,3.68358,0.4048958190985133,2.78074
39240.0,3.682985,0.4039859893409668,2.78074
39299.997,3.682315,0.40307256341837067,2.78074
39360.0,3.6817200000000003,0.4021591374957745,2.78074
39419.99900000001,3.68105,0.4012493077382279,2.78074
39479.997,3.6804550000000003,0.40033588181563173,2.78074
39539.99799999999,3.679785,0.39942605205808523,2.78074
39599.99799999999,3.679195,0.3985126261354891,2.78074
39660.00099999999,3.67852,0.3976027963779425,2.78074
39720.0,3.67793,0.39668937045534636,2.78074
39779.99799999999,3.6772549999999997,0.3957759445327502,2.78074
39840.00099999999,3.676665,0.39486611477520367,2.78074
39899.99900000001,3.675995,0.39395628501765717,2.78074
39959.99799999999,3.6754,0.39304645526011056,2.78074
40020.00099999999,3.6747300000000003,0.39213662550256406,2.78074
40079.99799999999,3.6741349999999997,0.39122319957996793,2.78074
40139.99799999999,3.673465,0.3903133698224214,2.78074
40199.99900000001,3.67287,0.3893999438998252,2.78074
40259.99799999999,3.672285,0.388486517977229,2.78074
40319.99799999999,3.67169,0.3875766882196825,2.78074
40379.99900000001,3.671105,0.38666326229708636,2.78074
40440.00099999999,3.6704299999999996,0.38574983637449023,2.78074
40499.99799999999,3.6698399999999998,0.3848400066169437,2.78074
40559.99799999999,3.66925,0.38392658069434754,2.78074
40619.99900000001,3.66866,0.38301315477175135,2.78074
40679.99900000001,3.667985,0.38210692117925443,2.78074
40739.99900000001,3.6674800000000003,0.3811934952566583,2.78074
40799.99900000001,3.66689,0.38027647316901253,2.78074
40859.99799999999,3.6662150000000002,0.37936664341146603,2.78074
40919.99900000001,3.66571,0.3784532174888699,2.78074
40979.99900000001,3.6650349999999996,0.3775397915662737,2.78074
41040.0,3.6644449999999997,0.37662996180872715,2.78074
41099.99799999999,3.663855,0.375716535886131,2.78074
41159.99799999999,3.663265,0.37480670612858447,2.78074
41219.99900000001,3.66259,0.37389328020598833,2.78074
41280.0,3.6620850000000003,0.37297625811834256,2.78074
41339.99799999999,3.66141,0.37206642836079606,2.78074
41399.99799999999,3.660905,0.37115300243819993,2.78074
41459.99900000001,3.6602300000000003,0.3702431726806533,2.78074
41519.99799999999,3.659725,0.3693297467580572,2.78074
41580.0,3.6590499999999997,0.36841991700051063,2.78074
41639.99799999999,3.658545,0.3675064910779145,2.78074
41699.99900000001,3.6579550000000003,0.3665966613203679,2.78074
41759.99900000001,3.657365,0.36568323539777176,2.78074
41820.0,3.6567749999999997,0.36477340564022526,2.78074
41879.99799999999,3.656105,0.3638599797176291,2.78074
41939.99900000001,3.655595,0.3629501499600825,2.78074
42000.0,3.65501,0.3620331278724368,2.78074
42059.99799999999,3.65433,0.3611161057847911,2.78074
42120.0,3.65383,0.36020267986219495,2.78074
42180.0,3.653235,0.3592892539395988,2.78074
42239.99900000001,3.652565,0.3583794241820522,2.78074
42299.99900000001,3.65197,0.35746959442450565,2.78074
42360.00099999999,3.6514699999999998,0.3565561685019095,2.78074
42419.997,3.650875,0.35564633874436297,2.78074
42480.00099999999,3.6502850000000002,0.35473291282176683,2.78074
42539.99799999999,3.64961,0.3538194868991707,2.78074
42600.00099999999,3.64902,0.35290606097657456,2.78074
42660.00099999999,3.648435,0.35199263505397843,2.78074
42719.99900000001,3.64784,0.3510828052964318,2.78074
42779.99799999999,3.6472550000000004,0.3501693793738357,2.78074
42839.997,3.6465750000000003,0.34925954961628913,2.78074
42899.99799999999,3.645905,0.348346123693693,2.78074
42959.997,3.645315,0.3474362939361465,2.78074
43019.99900000001,3.644725,0.3465228680135503,2.78074
43080.0,3.644135,0.3456094420909542,2.78074
43139.99799999999,3.64346,0.34469601616835804,2.78074
43200.0,3.6428700000000003,0.3437861864108115,2.78074
43259.99900000001,3.642195,0.3428727604882153,2.78074
43319.997,3.641605,0.3419629307306688,2.78074
43380.0,3.6410150000000003,0.34104950480807267,2.78074
43439.99799999999,3.640345,0.3401396750505261,2.78074
43499.99900000001,3.639665,0.33922265296288034,2.78074
43560.0,3.63908,0.33831282320533385,2.78074
43620.0,3.6384049999999997,0.33739939728273766,2.78074
43679.99900000001,3.637725,0.3364895675251911,2.78074
43739.997,3.637055,0.33557614160259497,2.78074
43800.0,3.6364650000000003,0.3346663118450484,2.78074
43859.99799999999,3.63579,0.3337528859224523,2.78074
43919.99900000001,3.635115,0.3328430561649057,2.78074
43979.99799999999,3.634445,0.33193322640735917,2.78074
44040.00099999999,3.63377,0.3310233966498126,2.78074
44099.99900000001,3.63309,0.3301099707272165,2.78074
44160.0,3.6323350000000003,0.3291965448046203,2.78074
44220.0,3.63183,0.3282867150470738,2.78074
44279.99900000001,3.631075,0.32737328912447766,2.78074
44340.00099999999,3.630395,0.32645986320188153,2.78074
44400.0,3.62972,0.32554643727928534,2.78074
44460.0,3.62905,0.3246366075217388,2.78074
44519.99799999999,3.628375,0.32372677776419223,2.78074
44579.99900000001,3.6277850000000003,0.3228133518415961,2.78074
44639.997,3.62711,0.32189992591899996,2.78074
44700.0,3.626435,0.3209900961614534,2.78074
44760.0,3.6257599999999996,0.3200766702388573,2.78074
44819.99900000001,3.625,0.3191668404813107,2.78074
44879.99900000001,3.624415,0.31825341455871453,2.78074
44940.0,3.623825,0.3173399886361184,2.78074
45000.00099999999,3.623145,0.31642656271352226,2.78074
45059.997,3.622475,0.3155167329559757,2.78074
45120.0,3.6218,0.3146033070333796,2.78074
45180.0,3.62113,0.313693477275833,2.78074
45240.0,3.620535,0.3127800513532369,2.78074
45300.0,3.61986,0.3118630292655912,2.78074
45359.99799999999,3.6191899999999997,0.3109460071779454,2.78074
45419.99799999999,3.618595,0.31003617742039885,2.78074
45480.0,3.61792,0.3091227514978027,2.78074
45539.99900000001,3.61725,0.30821292174025616,2.78074
45599.99900000001,3.61666,0.30729949581766003,2.78074
45659.99900000001,3.6159850000000002,0.3063896660601135,2.78074
45719.99900000001,3.61531,0.3054798363025669,2.78074
45779.99799999999,3.614635,0.30457000654502037,2.78074
45839.997,3.6139650000000003,0.30365658062242423,2.78074
45899.997,3.61337,0.3027431546998281,2.78074
45959.99799999999,3.612695,0.3018333249422815,2.78074
46019.99799999999,3.6119399999999997,0.30091989901968536,2.78074
46079.997,3.611265,0.30001006926213886,2.78074
46139.99900000001,3.610595,0.29909664333954267,2.78074
46199.99799999999,3.609915,0.29817962125189695,2.78074
46260.00099999999,3.609155,0.2972661953293008,2.78074
46319.99900000001,3.60857,0.2963527694067047,2.78074
46380.0,3.6078099999999997,0.29544293964915813,2.78074
46439.99799999999,3.60705,0.294529513726562,2.78074
46499.99900000001,3.6062950000000003,0.29361608780396586,2.78074
46560.0,3.605535,0.29270625804641925,2.78074
46619.99900000001,3.604775,0.2917928321238231,2.78074
46679.99900000001,3.604015,0.29088300236627657,2.78074
46739.99799999999,3.603255,0.28996957644368043,2.78074
46800.00099999999,3.6024200000000004,0.2890561505210843,2.78074
46859.99799999999,3.60166,0.28814272459848816,2.78074
46920.0,3.600815,0.2872328948409416,2.78074
46979.99799999999,3.60006,0.2863194689183455,2.78074
47040.0,3.599215,0.28540963916079887,2.78074
47099.997,3.598455,0.28449621323820273,2.78074
47159.99900000001,3.59753,0.2835863834806562,2.78074
47219.997,3.5967700000000002,0.2826765537231097,2.78074
47280.0,3.595925,0.28176312780051355,2.78074
47339.99900000001,3.595085,0.28085329804296694,2.78074
47399.99799999999,3.59424,0.2799398721203708,2.78074
47460.0,3.59348,0.27902644619777467,2.78074
47520.00099999999,3.5926400000000003,0.2781166164402281,2.78074
47580.00099999999,3.5918799999999997,0.277203190517632,2.78074
47639.99799999999,3.59104,0.2762933607600854,2.78074
47700.0,3.5903650000000003,0.2753799348374893,2.78074
47759.99799999999,3.5895200000000003,0.27446650891489316,2.78074
47820.0,3.588765,0.273553082992297,2.78074
47879.99799999999,3.588005,0.27263965706970084,2.78074
47939.99799999999,3.587245,0.2717298273121543,2.78074
48000.0,3.58649,0.27081640138955815,2.78074
48059.99900000001,3.585645,0.2699065716320116,2.78074
48119.997,3.584885,0.26899314570941546,2.78074
48180.0,3.5840449999999997,0.2680797197868193,2.78074
48239.99799999999,3.583285,0.2671662938642232,2.78074
48300.0,3.582525,0.26625286794162706,2.78074
48359.99799999999,3.5816,0.2653394420190309,2.78074
48419.99799999999,3.5808400000000002,0.2644296122614843,2.78074
48479.997,3.58,0.2635161863388882,2.78074
48539.99900000001,3.579155,0.2626063565813416,2.78074
48599.99799999999,3.57831,0.2616929306587455,2.78074
48659.99900000001,3.57747,0.26077950473614936,2.78074
48719.99900000001,3.57671,0.2598660788135532,2.78074
48779.997,3.5758650000000003,0.25895624905600667,2.78074
48839.99799999999,3.575025,0.25804282313341054,2.78074
48899.99799999999,3.57418,0.2571329933758639,2.78074
48960.00099999999,3.573335,0.2562231636183174,2.78074
49019.997,3.5726649999999998,0.2553133338607709,2.78074
49079.99900000001,3.571905,0.2544035041032243,2.78074
49140.00099999999,3.571145,0.2534900781806282,2.78074
49199.99900000001,3.570475,0.2525802484230816,2.78074
49259.997,3.569715,0.25166682250048544,2.78074
49319.99900000001,3.56904,0.2507533965778893,2.78074
49379.99900000001,3.568365,0.24983997065529318,2.78074
49439.99799999999,3.567775,0.24893014089774662,2.78074
49500.00200000001,3.567105,0.24802031114020007,2.78074
49560.00099999999,3.566515,0.2471068852176039,2.78074
49620.005000000005,3.56592,0.2461970554600574,2.78074
49679.99799999999,3.565335,0.24528722570251082,2.78074
49740.0,3.5647399999999996,0.24437739594496427,2.78074
49799.99799999999,3.5641499999999997,0.24346397002236814,2.78074
49860.00099999999,3.56365,0.242550544099772,2.78074
49919.99799999999,3.5631399999999998,0.24163711817717584,2.78074
49979.99799999999,3.562555,0.2407236922545797,2.78074
50040.00099999999,3.56213,0.23981386249703315,2.78074
50099.99799999999,3.56154,0.23890043657443702,2.78074
50159.99900000001,3.5610350000000004,0.23798701065184086,2.78074
50220.0,3.56053,0.2370771808942943,2.78074
50279.99900000001,3.5600199999999997,0.23616375497169817,2.78074
50339.99799999999,3.55952,0.23525032904910204,2.78074
50400.00099999999,3.558925,0.23434409545660503,2.78074
50460.0,3.55851,0.2334306695340089,2.78074
50519.99799999999,3.558,0.23251724361141277,2.78074
50579.99900000001,3.55749,0.2316074138538662,2.78074
50639.99900000001,3.55699,0.23069398793127005,2.78074
50699.99799999999,3.556395,0.22978415817372352,2.78074
50760.0,3.555895,0.2288707322511274,2.78074
50819.99799999999,3.5554699999999997,0.22796090249358084,2.78074
50879.99799999999,3.554965,0.2270474765709847,2.78074
50939.99900000001,3.5544599999999997,0.22613405064838857,2.78074
51000.0,3.553955,0.225224220890842,2.78074
51059.99799999999,3.553365,0.22431079496824585,2.78074
51119.99900000001,3.55286,0.22339736904564972,2.78074
51179.99900000001,3.552355,0.22248753928810316,2.78074
51239.99900000001,3.551845,0.22157770953055658,2.78074
51299.99900000001,3.55134,0.22066428360796045,2.78074
51360.0,3.55075,0.2197544538504139,2.78074
51419.99900000001,3.5502450000000003,0.21884102792781776,2.78074
51480.0,3.54974,0.21793119817027123,2.78074
51539.99900000001,3.54915,0.21701777224767504,2.78074
51600.0,3.548645,0.21610794249012852,2.78074
51660.0,3.548225,0.21519451656753238,2.78074
51719.99900000001,3.54763,0.21428468680998583,2.78074
51780.0,3.547045,0.21337126088738967,2.78074
51839.99799999999,3.546535,0.21245783496479353,2.78074
51899.99799999999,3.5459500000000004,0.2115444090421974,2.78074
51959.99799999999,3.54544,0.21063457928465085,2.78074
52020.0,3.544855,0.2097211533620547,2.78074
52079.99900000001,3.544345,0.20881132360450813,2.78074
52139.99799999999,3.543755,0.207897897681912,2.78074
52199.99900000001,3.54325,0.20698806792436544,2.78074
52259.99900000001,3.5426599999999997,0.20607464200176928,2.78074
52319.99799999999,3.54207,0.20516481224422273,2.78074
52380.0,3.54148,0.2042513863216266,2.78074
52440.0,3.54089,0.20333796039903046,2.78074
52499.99799999999,3.5403000000000002,0.20242453447643433,2.78074
52560.0,3.5397100000000004,0.20151470471888774,2.78074
52619.997,3.53912,0.2006012787962916,2.78074
52680.0,3.538445,0.19968785287369548,2.78074
52739.99900000001,3.537775,0.19877802311614892,2.78074
52800.0,3.5370999999999997,0.19786459719355276,2.78074
52860.0,3.536425,0.19695117127095663,2.78074
52919.99799999999,3.53575,0.19604134151341007,2.78074
52979.99799999999,3.53499,0.19512791559081394,2.78074
53040.00200000001,3.534235,0.1942180858332674,2.78074
53099.99799999999,3.5334700000000003,0.19330106374562164,2.78074
53159.99799999999,3.53263,0.1923912339880751,2.78074
53219.99799999999,3.531875,0.19147780806547895,2.78074
53279.99900000001,3.5310300000000003,0.19056438214288282,2.78074
53339.99799999999,3.53027,0.18965455238533624,2.78074
53399.997,3.529345,0.1887411264627401,2.78074
53460.00099999999,3.5285,0.18783129670519358,2.78074
53519.99799999999,3.527575,0.18691787078259742,2.78074
53580.0,3.5267299999999997,0.1860080410250509,2.78074
53639.99900000001,3.5257199999999997,0.18509461510245476,2.78074
53699.99799999999,3.52488,0.184177593014809,2.78074
53759.99799999999,3.523865,0.18326416709221285,2.78074
53819.99900000001,3.52294,0.18235074116961672,2.78074
53879.997,3.52184,0.1814373152470206,2.78074
53939.99799999999,3.520915,0.18052388932442442,2.78074
54000.0,3.51982,0.17961405956687787,2.78074
54059.99900000001,3.51881,0.1787006336442817,2.78074
54119.99900000001,3.517625,0.17778720772168558,2.78074
54179.99900000001,3.51645,0.17687737796413902,2.78074
54239.99799999999,3.515185,0.17596754820659247,2.78074
54300.0,3.513925,0.17505412228399633,2.78074
54360.00200000001,3.51257,0.1741406963614002,2.78074
54420.00099999999,3.511225,0.17323086660385364,2.78074
54479.997,3.50971,0.17231744068125748,2.78074
54540.00099999999,3.508275,0.17140401475866135,2.78074
54600.0,3.506675,0.17049058883606522,2.78074
54659.99799999999,3.5051550000000002,0.16958075907851863,2.78074
54719.99900000001,3.50372,0.1686709293209721,2.78074
54780.0,3.5022900000000003,0.16775750339837597,2.78074
54839.997,3.5009449999999998,0.1668440774757798,2.78074
54899.99900000001,3.49976,0.16593424771823326,2.78074
54959.99799999999,3.498495,0.16502441796068673,2.78074
55019.99900000001,3.4974049999999997,0.16411099203809057,2.78074
55080.00099999999,3.496305,0.16320116228054402,2.78074
55140.0,3.49521,0.16228773635794788,2.78074
55199.99900000001,3.494115,0.16137431043535175,2.78074
55259.99900000001,3.49302,0.16046088451275559,2.78074
55320.00099999999,3.49184,0.15955105475520903,2.78074
55380.00099999999,3.49066,0.1586376288326129,2.78074
55439.99900000001,3.489565,0.15772420291001674,2.78074
55499.99799999999,3.488385,0.15681437315247018,2.78074
55559.99900000001,3.48712,0.15590454339492366,2.78074
55619.99799999999,3.485855,0.1549875213072779,2.78074
55680.00200000001,3.48459,0.15407409538468175,2.78074
55740.0,3.483245,0.15316426562713523,2.78074
55799.99799999999,3.48198,0.15225083970453906,2.78074
55860.0,3.480715,0.1513410099469925,2.78074
55920.00099999999,3.47928,0.15042758402439638,2.78074
55980.00099999999,3.477935,0.14951415810180024,2.78074
56040.00099999999,3.476585,0.1485971360141545,2.78074
56099.997,3.47515,0.14768730625660795,2.78074
56159.99799999999,3.473805,0.14677388033401179,2.78074
56219.997,3.472455,0.14586045441141565,2.78074
56279.99900000001,3.471025,0.1449506246538691,2.78074
56339.99900000001,3.46959,0.14403719873127296,2.78074
56399.997,3.4682399999999998,0.1431273689737264,2.78074
56459.99799999999,3.4668099999999997,0.14221394305113025,2.78074
56519.99900000001,3.46529,0.14130411329358372,2.78074
56580.0,3.463945,0.14039068737098756,2.78074
56639.99799999999,3.46243,0.139480857613441,2.78074
56699.99900000001,3.461075,0.13856743169084487,2.78074
56760.0,3.4595599999999997,0.13765400576824874,2.78074
56819.99799999999,3.4581299999999997,0.13674417601070216,2.78074
56880.00099999999,3.456695,0.13583434625315563,2.78074
56940.0,3.45526,0.1349173241655099,2.78074
56999.99799999999,3.45383,0.13400389824291375,2.78074
57060.0,3.4523099999999998,0.1330940684853672,2.78074
57120.0,3.4507950000000003,0.13218064256277104,2.78074
57180.0,3.4493600000000004,0.1312672166401749,2.78074
57240.003,3.447845,0.13035738688262835,2.78074
57300.0,3.44633,0.1294475571250818,2.78074
57359.99799999999,3.444725,0.12853413120248566,2.78074
57419.99900000001,3.443295,0.1276243014449391,2.78074
57479.99799999999,3.441775,0.12671447168739255,2.78074
57540.0,3.440175,0.12580104576479642,2.78074
57599.99799999999,3.43866,0.12488761984220026,2.78074
57660.0,3.437145,0.12397419391960413,2.78074
57720.0,3.43546,0.12306436416205757,2.78074
57780.0,3.4339399999999998,0.12215093823946144,2.78074
57840.00099999999,3.432255,0.12123751231686528,2.78074
57899.99799999999,3.43065,0.12032768255931874,2.78074
57959.99799999999,3.42905,0.11941785280177217,2.78074
58020.0,3.42737,0.11850442687917603,2.78074
58079.99900000001,3.42568,0.1175910009565799,2.78074
58140.0,3.42408,0.11668117119903335,2.78074
58200.00099999999,3.42231,0.1157677452764372,2.78074
58259.99900000001,3.4206250000000002,0.11485791551889064,2.78074
58320.0,3.4188549999999998,0.11394808576134409,2.78074
58379.99799999999,3.417085,0.11303465983874794,2.78074
58440.00099999999,3.415395,0.11212123391615181,2.78074
58499.99900000001,3.4135400000000002,0.11121140415860527,2.78074
58560.00200000001,3.411775,0.1103015744010587,2.78074
58619.99799999999,3.410005,0.10938814847846257,2.78074
58679.99900000001,3.4082350000000003,0.108478318720916,2.78074
58740.0,3.40638,0.10756489279831986,2.78074
58799.99900000001,3.40461,0.10665146687572372,2.78074
58859.99900000001,3.402755,0.10574163711817718,2.78074
58920.0,3.400815,0.10483180736063061,2.78074
58979.99900000001,3.399045,0.10392197760308407,2.78074
59039.997,3.397195,0.1030121478455375,2.78074
59099.99900000001,3.39534,0.10209872192294137,2.78074
59160.0,3.3933999999999997,0.10118529600034523,2.78074
59220.0,3.391465,0.10027187007774908,2.78074
59279.99900000001,3.389525,0.09935844415515294,2.78074
59339.99900000001,3.38767,0.0984414220675072,2.78074
59399.99799999999,3.385815,0.09753159230996065,2.78074
59459.99900000001,3.383875,0.09662176255241409,2.78074
59519.99900000001,3.38194,0.09571193279486755,2.78074
59579.99799999999,3.38,0.09479850687227141,2.78074
59640.0,3.3781499999999998,0.09389227327977444,2.78074
59699.99799999999,3.376205,0.09298603968727749,2.78074
59759.99799999999,3.3741849999999998,0.09207980609478052,2.78074
59820.0,3.37233,0.09116638017218438,2.78074
59879.99799999999,3.3703950000000003,0.09025655041463782,2.78074
59939.99900000001,3.36854,0.08934312449204168,2.78074
60000.0,3.36668,0.08843329473449513,2.78074
60059.99799999999,3.3646599999999998,0.08752346497694859,2.78074
60119.99799999999,3.3628099999999996,0.08661363521940203,2.78074
60179.997,3.360955,0.08570380546185548,2.78074
60239.99900000001,3.359095,0.08479037953925932,2.78074
60300.0,3.35716,0.08388414594676237,2.78074
60359.99799999999,3.355305,0.08297072002416622,2.78074
60419.997,3.3534499999999996,0.08205729410157007,2.78074
60479.99900000001,3.351595,0.08114746434402352,2.78074
60539.99900000001,3.349745,0.08023403842142739,2.78074
60600.00099999999,3.3478849999999998,0.07932420866388083,2.78074
60660.00099999999,3.346035,0.0784107827412847,2.78074
60719.99799999999,3.344265,0.07750095298373814,2.78074
60779.99799999999,3.34241,0.07658752706114198,2.78074
60839.99900000001,3.34064,0.07567769730359544,2.78074
60900.00099999999,3.33879,0.0747642713809993,2.78074
60960.0,3.337015,0.07385444162345274,2.78074
61019.99799999999,3.335165,0.0729410157008566,2.78074
61080.0,3.3333899999999996,0.07202758977826046,2.78074
61139.99799999999,3.331625,0.0711177600207139,2.78074
61200.003,3.3298550000000002,0.07020433409811776,2.78074
61260.00099999999,3.3280000000000003,0.06929090817552161,2.78074
61320.00099999999,3.32623,0.06838107841797507,2.78074
61379.99900000001,3.32446,0.06746765249537892,2.78074
61440.00099999999,3.3226899999999997,0.06655422657278279,2.78074
61500.00099999999,3.3209150000000003,0.06564439681523623,2.78074
61559.99900000001,3.31915,0.06473816322273927,2.78074
61619.99900000001,3.317375,0.0638319296302423,2.78074
61679.997,3.31561,0.06292209987269574,2.78074
61739.99799999999,3.31384,0.062012270115149204,2.78074
61800.00099999999,3.3120700000000003,0.061098844192553056,2.78074
61860.0,3.3103,0.060185418269956915,2.78074
61919.99799999999,3.30853,0.05927558851241036,2.78074
61979.99799999999,3.3067599999999997,0.05836575875486381,2.78074
62039.99900000001,3.30499,0.05745233283226767,2.78074
62099.99799999999,3.303225,0.05654250307472112,2.78074
62160.00099999999,3.3013649999999997,0.055625480987075385,2.78074
62219.99799999999,3.299685,0.05471205506447924,2.78074
62280.0,3.297825,0.053798629141883096,2.78074
62340.0,3.29589,0.05288879938433654,2.78074
62399.99900000001,3.2941149999999997,0.051975373461740394,2.78074
62459.997,3.29235,0.05106194753914425,2.78074
62519.99799999999,3.29041,0.05015571394664729,2.78074
62579.99900000001,3.28856,0.049242288024051145,2.78074
62640.0,3.2866150000000003,0.04832526593640541,2.78074
62699.99900000001,3.28468,0.04741184001380928,2.78074
62759.99900000001,3.28274,0.04650201025626272,2.78074
62819.99900000001,3.280805,0.045588584333666575,2.78074
62880.0,3.278695,0.04467515841107043,2.78074
62939.99799999999,3.276675,0.04376173248847429,2.78074
62999.99799999999,3.274565,0.042848306565878146,2.78074
63059.99799999999,3.272545,0.04193128447823241,2.78074
63120.0,3.270435,0.04102145472068586,2.78074
63180.0,3.2682450000000003,0.0401116249631393,2.78074
63239.99799999999,3.2659700000000003,0.03919819904054316,2.78074
63299.99799999999,3.263865,0.03828477311794702,2.78074
63359.99799999999,3.261585,0.03737494336040047,2.78074
63419.997,3.259315,0.03646151743780432,2.78074
63480.0,3.257035,0.03555168768025777,2.78074
63539.99900000001,3.254595,0.03463826175766163,2.78074
63599.99900000001,3.25206,0.03372843200011508,2.78074
63659.99799999999,3.249705,0.03281500607751893,2.78074
63720.0,3.2471750000000004,0.03190158015492279,2.78074
63779.99900000001,3.2446450000000002,0.030991750397376238,2.78074
63840.0,3.242115,0.030078324474780094,2.78074
63899.99799999999,3.239335,0.02917209088228313,2.78074
63959.99799999999,3.23672,0.028262261124736576,2.78074
64020.0,3.2340299999999997,0.02735243136719003,2.78074
64079.99799999999,3.231245,0.026439005444593884,2.78074
64139.99799999999,3.228295,0.02552917568704733,2.78074
64200.00099999999,3.2253499999999997,0.024615749764451186,2.78074
64259.99799999999,3.2223949999999997,0.02370232384185504,2.78074
64319.99799999999,3.21945,0.022792494084308494,2.78074
64379.99900000001,3.2164099999999998,0.02188626049181153,2.78074
64439.99900000001,3.21321,0.020972834569215386,2.78074
64500.00099999999,3.2100049999999998,0.020063004811668835,2.78074
64559.99900000001,3.2066350000000003,0.01914957888907269,2.78074
64620.00099999999,3.2033500000000004,0.01823974913152614,2.78074
64679.99900000001,3.199895,0.017326323208929996,2.78074
64740.0,3.19627,0.016416493451383445,2.78074
64799.99900000001,3.1926449999999997,0.015499471363737709,2.78074
64859.99900000001,3.1888500000000004,0.014582449276091975,2.78074
64920.0,3.184975,0.013669023353495832,2.78074
64980.003,3.18093,0.012759193595949278,2.78074
65039.99799999999,3.1768,0.011849363838402726,2.78074
65099.99799999999,3.172415,0.010935937915806583,2.78074
65159.99900000001,3.1679500000000003,0.010022511993210439,2.78074
65220.003,3.16323,0.009116278400713478,2.78074
65279.997,3.1583449999999997,0.008202852478117336,2.78074
65339.99900000001,3.153285,0.007296618885620373,2.78074
65399.99900000001,3.14789,0.00638319296302423,2.78074
65460.0,3.1424149999999997,0.005473363205477678,2.78074
65519.99799999999,3.1366,0.004559937282881535,2.78074
65580.0,3.130535,0.003646511360285391,2.78074
65640.00099999999,3.124295,0.002736681602738839,2.78074
65699.99900000001,3.1177200000000003,0.0018232556801426956,2.78074
65759.99799999999,3.1136749999999997,0.0009134259225961434,2.78074
